[
  {
    "icon": "fa fa-home",
    "slug": "external",
    "title": "Volver al inicio",
    "path": "index.html"
  }, 
  { 
    "id": 1,
    "icon": "fa fa-file-text-o",
    "slug": "fundamentos",
    "title": "1. Fundamentos de seguridad ante el riesgo eléctrico.",
    "breadcrumb": ["Inicio","Tema 1"],
    "path": "pages/1-tema.html",    
    "submenu": [
      {
        "icon": "fa fa-file-text-o",
        "slug": "fundamentos",
        "title": "1.1 Accidentes eléctricos.",
        "anchor": "11"
      },
      {
        "icon": "fa fa-file-text-o",
        "slug": "fundamentos",
        "title": "1.2 Contacto directo.",
        "anchor": "12"
      },
      {
        "icon": "fa fa-file-text-o",
        "slug": "fundamentos",
        "title": "1.3 Contacto indirecto.",
        "anchor": "13"
      },
      {
        "icon": "fa fa-file-text-o",
        "slug": "fundamentos",
        "title": "1.4 Arco eléctrico.",
        "anchor": "14"
      },
      {
        "icon": "fa fa-file-text-o",
        "slug": "fundamentos",
        "title": "1.5 Ejemplos accidentales según tipo de contacto.",
        "anchor": "15"
      }
    ]
  },
  { 
    "id": 1,
    "icon": "fa fa-file-text-o",
    "slug": "pmm",
    "title": "2. Fundamentos de seguridad para los servicios en campo con PMM.",
    "breadcrumb": ["Inicio","Tema 2"],
    "path": "pages/2-tema.html",    
    "submenu": [
      {
        "icon": "fa fa-file-text-o",
        "slug": "pmm",
        "title": "2.1 Herramientas, instrumentos y equipos de protección eléctrica.",
        "anchor": "21"
      },
      {
        "icon": "fa fa-file-text-o",
        "slug": "pmm",
        "title": "2.2 Señalización y distancias de seguridad.",
        "anchor": "22"
      },
      {
        "icon": "fa fa-file-text-o",
        "slug": "pmm",
        "title": "2.3 Puestas a tierra.",
        "anchor": "23"
      },
      {
        "icon": "fa fa-file-text-o",
        "slug": "pmm",
        "title": "2.4 Elementos de protección personal (EPP) dieléctricos: específicos para PMM.",
        "anchor": "24"
      },
      {
        "icon": "fa fa-file-text-o",
        "slug": "pmm",
        "title": "2.5 Operaciones simultáneas o secuenciales.",
        "anchor": "25"
      },
      {
        "icon": "fa fa-file-text-o",
        "slug": "pmm",
        "title": "2.6 Autorización y divulgación de permiso de trabajo.",
        "anchor": "26"
      },
      {
        "icon": "fa fa-file-text-o",
        "slug": "pmm",
        "title": "2.7 Lecciones aprendidas y alertas de seguridad.",
        "anchor": "27"
      },
      {
        "icon": "fa fa-file-text-o",
        "slug": "pmm",
        "title": "2.8 Autoridad para detener el trabajo.",
        "anchor": "28"
      }
    ]
  }, 
  { 
    "id": 1,
    "icon": "fa fa-file-text-o",
    "slug": "operativa",
    "title": "3. Disciplina operativa.",
    "breadcrumb": ["Inicio","Tema 3"],
    "path": "pages/3-tema.html",    
    "submenu": [
      {
        "icon": "fa fa-file-text-o",
        "slug": "operativa",
        "title": "3.1 Ciclo DICACOCU.",
        "anchor": "31"
      }
    ]
  }
]